descripcion,link,precio,titulo
"Por su seguridad y garantía disponemos local y gran variedad en productos y precios, seguro va encontrar lo que buscaba a un excelente precio y atención cordial.,**** somos mercado GOLD n 1 en ventas****,- VENTA AL POR MAYOR, DISTRIBUIDOR Y MENOR,- DISPONIBILIDAD INMEDIATA,- GARANTIA,Felicitaciones!! va a tener en sus manos un producto de la mejor calidad,***Somos Número Uno En Accesorios Para Mascotas***,Maquina para cortar pelo de mascotas nada como mantener a nuestros animales son un pelaje hermoso. ,Toma de corriente directa ,- Cuchillas de corte de acero inoxidable ,- Palanca para ajustar la longitud de corte ergonómico ,- Accesorios: peine, tijeras, cepillo de limpieza, aceite,- Potencia: 12W ,- 4 accesorios cortacésped: 3, 6, 9, 12 mm ,Aproveche precios al por mayor,Visítenos…,Estimados pueden retirar personalmente el producto en nuestro almacén por el sector de la Alborada en Guayaquil y en Quito por la América y ver nuestra amplia gama de productos,hacemos envíos express a todo el Ecuador por servientrega y si desea puede recibir cómodamente el producto a su domicilio o lugar de trabajo o acercarse a retirar en una oficina de servientrega cercana!! su pedido le llega en menos de 24 horas..,También hacemos Entregas a Domicilio en el mismo día dentro de Guayaquil y alrededores, contamos con mensajero express 100% seguros,Formas de pago: ,- Efectivo,- Transferencia,- Deposito,- Tarjeta de debito y credito,Somos MERCADO GOLD, número uno en ventas on line y física, Vendemos productos nuevos, de calidad, asesoramos y probamos el producto con el cliente.,PARA MAYOR INFORMACION DE CLICK EN COMPRAR Y LE SALEN MIS DATOS, CON GUSTO LE ASESORAMOS,Felicitaciones!! va a tener en sus manos un producto de la mejor calidad",https://articulo.mercadolibre.com.ec/MEC-427390553-maquina-de-cortar-pelo-para-perro-bajo-ruido-y-vibracion-_JM#position=52&type=item&tracking_id=58f6a2b2-7ee4-4ea5-9a56-c3c7547cf663,9,Maquina De Cortar Pelo Para Perro Bajo Ruido Y Vibración
,https://articulo.mercadolibre.com.ec/MEC-426883099-nexgard-simparica-elimina-garrapatas-y-pulgas-_JM#position=51&type=item&tracking_id=58f6a2b2-7ee4-4ea5-9a56-c3c7547cf663,15,Nexgard / Simparica / Elimina Garrapatas Y Pulgas
"Chaleco con cierre , abrigado, ideal para mascotas pequeñas y grandes disponemos todas las tallas,Los costos varían según la talla,XXS. $3.75,XS  $4.75,S  $5.75,M  $7.75,L $8.75,XL  $16.75",https://articulo.mercadolibre.com.ec/MEC-426925190-chaleco-termico-mascotas-_JM#position=50&type=item&tracking_id=58f6a2b2-7ee4-4ea5-9a56-c3c7547cf663,3,Chaleco Térmico Mascotas
Camas para perros y gatos en diferentes colores y medidas son confeccionadas de esponja y forradas de tela o felpa y son lavables. Small mide 42 cm de largo x 32 cm de ancho $15. Médium 50 cm de largo x 40 cm de ancho $20. Large 58 cm de largo x 48 cm de ancho $25. XL 66 cm de largo x 56 cm de ancho $ 30. XXL 74 cm de largo x 64 cm de ancho $35. XXXL 82 cm de largo x 72 cm de ancho $40.,https://articulo.mercadolibre.com.ec/MEC-427405485-camas-para-perros-y-gatos-_JM#position=49&type=item&tracking_id=58f6a2b2-7ee4-4ea5-9a56-c3c7547cf663,15,Camas Para Perros Y Gatos 
"CODIGO:1HSM316,Características:,Material: Plástico.,. Es un producto de primera calidad, fuerte y resistente.,. Para el hogar o para el viaje.,Es perfecto para llevar su mascota de forma segura al veterinario o de viaje en coche.,Garantiza una correcta ventilación que contribuye al bienestar de su mascota y a que no haya malos olores.,La puerta es de metal y tiene un sistema de seguridad muy eficaz.,El transportín se desmonta fácilmente para que lo pueda guardar sin ocupar mucho espacio y para que lo pueda limpiar de manera rápida y sencilla.,Ofrece a todos los amantes de perros y gatos la oportunidad de adquirir la mejor calidad por un precio imbatible.,24 LOCALES EN ECUADOR, NUESTROS PRECIOS INCLUYEN IVA CON FACTURA, SOMOS IMPORTADORES LEGALES CON GARANTIA.",https://articulo.mercadolibre.com.ec/MEC-426865129-jaula-pequena-transporta-mascotas-cachorros-gatos-_JM#position=48&type=item&tracking_id=58f6a2b2-7ee4-4ea5-9a56-c3c7547cf663,15,Jaula Pequeña Transporta Mascotas Cachorros Gatos
"---------------------------->MEELTECH STORE,Somos Distribuidora MeelTech Store - Nuestro Compromiso, Seriedad y Precios Marcan La Diferencia.,Todos nuestros equipos son 100% Nuevos,REALIZAMOS ENVÍOS A TODO EL ECUADOR,- QUITO NORTE: José Correa y Av. 6 de diciembre,- QUITO SUR: Francisco Londoño y Franciso Gomez,- GUAYAQUIL: Alejo Lascano y Los Rios,- AMBATO: Av Gonzales Suarez y Bolívar,- SANTO DOMINGO: Av. Esmeraldas y Kali,- CUENCA: Gaspar Sangurima y Padre Aguirre,- MANTA: Av 22 y Flavio,----------------------------->MEELTECH STOREEl cepillo tipo FULMINADOR es probablemente la más conocida y la mejor herramienta para quitar el perlo muerto de sus mascotas. Ha obtenido una muy alta calificación de sus usuarios.,Le ofrecemos el tamaño estándar que puede usar en perros y gatos de cualquier tamaño. Mide 15cm de largo y 8.5cm de ancho. Incluye protector para mayor duración.,Disfrute desde ahora de una casa sin pelos y con mucho menor trabajo de limpieza en las áreas que frecuenta su perro y en su ropa.,¿Cómo funciona el Eliminador de pelo muerto?,Esta herramienta funciona igual de bien en perros y gatos y es adecuado para cualquier tipo de pelo, sea largo o corto. Sin embargo, es especialmente útil para las razas que votan pelo constantemente ya que reduce radicalmente ese fenómeno.,Este cepillo funciona excepcionalmente bien gracias a su sistema metálico que engancha maravillosamente toda la capa de pelo muerto que se mescla en la parte inferior del manto de su mascota.,Los cepillos tradicionales funcionan bien, pero este eliminador no solo se ocupa de la capa externa sino que va al origen del problema y profundiza en limpieza.,Cuando hace una sesión de cepillado con el Eliminador de pelo muerto, nota la diferencia de inmediato, además es suave con su perro o gato y no causa molestias.,Este tipo de cepillos no dañan la capa superior del pelo, de hecho realza el brillo y da una apariencia fresca, limpia y saludable.,----------------------------->MEELTECH STORE,* Precio para pagos en efectivo y Depositos.,* Precio sujeto a cambio sin previo aviso.,* Colores y modelo puede variar segun el stock.,* Envíos gratuitos aplican restricciones,NO EXPONGA SU DINERO COMPRE CON SEGURIDAD Y GARANTIA.,*Envíos a nivel nacional: Servientrega, Encomienda Transporte.,¿COMO COMPRAR?,1. Da click en el botón comprar.,2. Escribenos directamente al WhatsApp o dejanos un mensaje.,3. Acordar la forma de pago y envio.,4. Reciba su compra en su domicilio o visite nuestros locales.,5. No olvides calificarnos positivo eso nos ayuda a seguir creciendo.,--------------------------------------------,**GRACIAS POR ELEGIRNOS**,--------------------------------------------",https://articulo.mercadolibre.com.ec/MEC-427591929-cepillo-furminator-deslanador-perro-_JM#position=47&type=item&tracking_id=58f6a2b2-7ee4-4ea5-9a56-c3c7547cf663,7,Cepillo Furminator Deslanador Perro 
Macho para Monta Buldog Francés BLUE,https://articulo.mercadolibre.com.ec/MEC-427686025-buldog-frances-blue-2-anos-de-edad-macho-para-monta-solo-pag-_JM#position=46&type=item&tracking_id=58f6a2b2-7ee4-4ea5-9a56-c3c7547cf663,300,Buldog Frances Blue 2 Años De Edad Macho Para Monta Solo Pag
"Bulldog Frances Importado para montas ,Línea Europea en las dos líneas. ,•Nieto del multi Ch Apolo de Chezan ,•Many Pacquiao de los Tarantos ,•Padre: Tarantino de Bullart,Disponible para todo el Ecuador, estamos en la ciudad de Quito. ,Clardall’s s de Lago Bulldog, crianza responsable — en Quito.",https://articulo.mercadolibre.com.ec/MEC-427172453-bulldog-frances-importado-cruzas-_JM#position=45&type=item&tracking_id=58f6a2b2-7ee4-4ea5-9a56-c3c7547cf663,400,Bulldog Francés Importado Cruzas
"""""""ANTES DE DAR CLICK EN COMPRAR REALIZE TODAS LAS PREGUNTAS NECESARIAS, SI NO SE REALIZA LA VENTA EN 48 HORAS SE CALIFICARA NEGATIVAMENTE """""",CACHORROS PASTOR ALEMÁN ENVIOS A NIVEL NACIONAL, VENDO EXELENTES EJEMPLARES EN GENÉTICA PASTOR ALEMÁN MACHOS Y HEMBRAS DE DOS MESES Y MEDIO DE EDAD FOTOS A LA VISTA , , DISPONEMOS DE CACHORROS MACHOS Y HEMBRAS ,FOTOS A LA VISTA VACUNADO Y DESPARASITADO CON SU RESPECTIVO CARNET,PADRES DE PEDIGREE SE ENTREGA CON LA COPIA DE PEDIGREE DE LOS PADRES",https://articulo.mercadolibre.com.ec/MEC-426895223-cachorros-pastor-aleman-envios-a-nivel-nacional-_JM#position=44&type=item&tracking_id=58f6a2b2-7ee4-4ea5-9a56-c3c7547cf663,360,Cachorros Pastor Alemán Envios A Nivel Nacional 
,https://articulo.mercadolibre.com.ec/noindex/services/MEC427390553?noIndex=true&contextual=true,,Formas de pago y entrega
,https://articulo.mercadolibre.com.ec/noindex/services/MEC426883099?noIndex=true&contextual=true,,Formas de pago y entrega
,https://articulo.mercadolibre.com.ec/noindex/services/MEC426925190?noIndex=true&contextual=true,,Formas de pago y entrega
,https://articulo.mercadolibre.com.ec/noindex/services/MEC427405485?noIndex=true&contextual=true,,Formas de pago y entrega
,https://articulo.mercadolibre.com.ec/noindex/services/MEC426865129?noIndex=true&contextual=true,,Formas de pago y entrega
,https://articulo.mercadolibre.com.ec/noindex/services/MEC427591929?noIndex=true&contextual=true,,Formas de pago y entrega
,https://articulo.mercadolibre.com.ec/noindex/services/MEC427172453?noIndex=true&contextual=true,,Formas de pago y entrega
,https://articulo.mercadolibre.com.ec/noindex/questions/MEC427172453?noIndex=true&contextual=true,,Preguntas y respuestas
,https://articulo.mercadolibre.com.ec/noindex/services/MEC427686025?noIndex=true&contextual=true,,Formas de pago y entrega
